{"cameraMode":{"drawMode":0,"name":"Shaded","section":"Shading Mode"},"sceneLighting":true,"audioPlay":false,"sceneViewState":{"showFog":true,"showMaterialUpdate":false,"showSkybox":true,"showFlares":true,"showImageEffects":true,"showParticleSystems":true},"in2DMode":false,"pivot":{"x":-1.5389800071716309,"y":0.22584152221679688,"z":-0.24652814865112306},"rotation":{"x":0.3646189272403717,"y":0.16436786949634553,"z":-0.06555714458227158,"w":0.9141873717308044},"size":10.185392379760743,"orthographic":false}